timestamp,case_id,resource,z3_initial,llm_attempts,hallucination,z3_final,retry_history
23:04:04,AB_01_vault_unencrypted,AB,"FAIL: Cloud Perimeter Model — Z3 SAT counterexample for aws_backup_vault (KMS key). Model: NetworkZone=DMZ, EncryptionLevel=UNENCRYPTED, SensitiveData=1. Violated: INV-2: sensitive data is unencrypted. SMT: ∃(zone,enc,sens). ¬(INV-1 ∧ INV-2 ∧ INV-3) = SAT.",5,True,FAIL: aws_kms_key has key rotation disabled. Set enable_key_rotation = true. Also ensure Principal is not wildcard (*) in the key policy.,"FAIL: aws_kms_key has key rotation disabled. Set enable_key_rotation = true. Also ensure Principal is not wildcard (*) in the key policy. | FAIL: Cloud Perimeter Model — Z3 SAT counterexample for aws_kms_key_policy. Model: NetworkZone=DMZ, EncryptionLevel=UNENCRYPTED, SensitiveData=1. Violated: INV-2: sensitive data is unencrypted. SMT: ∃(zone,enc,sens). ¬(INV-1 ∧ INV-2 ∧ INV-3) = SAT. | FAIL: aws_kms_key has key rotation disabled. Set enable_key_rotation = true. Also ensure Principal is not wildcard (*) in the key policy. | FAIL: Cloud Perimeter Model — Z3 SAT counterexample for aws_kms_key_policy. Model: NetworkZone=DMZ, EncryptionLevel=UNENCRYPTED, SensitiveData=1. Violated: INV-2: sensitive data is unencrypted. SMT: ∃(zone,enc,sens). ¬(INV-1 ∧ INV-2 ∧ INV-3) = SAT. | FAIL: aws_kms_key has key rotation disabled. Set enable_key_rotation = true. Also ensure Principal is not wildcard (*) in the key policy."
23:04:09,ACM_01_wildcard_certificate,ACM,FAIL: ACM certificate uses a wildcard domain (*.domain.com) — high blast radius if key is compromised.,1,False,PASS: Formal Verification Successful.,PASS: Formal Verification Successful.
23:10:37,ALB_02_waf_not_associated,ALB,FAIL: ALB is missing an aws_wafv2_web_acl_association.,5,True,FAIL: ELB access logging is disabled/missing.,FAIL: ELB access logging is disabled/missing. | FAIL: ALB is missing an aws_wafv2_web_acl_association. | FAIL: ELB access logging is disabled/missing. | FAIL: ALB is missing an aws_wafv2_web_acl_association. | FAIL: ELB access logging is disabled/missing.
23:10:42,APIGW_01_missing_logging,APIGW,FAIL: API Gateway Logging missing.,1,False,PASS: Formal Verification Successful.,PASS: Formal Verification Successful.
23:10:44,APIGW_02_authorization_none,APIGW,FAIL: API Gateway method has no authorization.,1,False,PASS: Formal Verification Successful.,PASS: Formal Verification Successful.
23:10:49,APPRUN_01_missing_encryption,APPRUN,"FAIL: Cloud Perimeter Model — Z3 SAT counterexample for aws_apprunner_service. Model: NetworkZone=DMZ, EncryptionLevel=UNENCRYPTED, SensitiveData=1. Violated: INV-2: sensitive data is unencrypted. SMT: ∃(zone,enc,sens). ¬(INV-1 ∧ INV-2 ∧ INV-3) = SAT.",2,False,"PASS: FORMAL PROOF COMPLETE ✓ | APPRUN_01_missing_encryption | Solver A (completeness): COMPLETE: Z3 UNSAT — patch satisfies Cloud Perimeter Model. ∀(zone,enc,sens). INV-1 ∧ INV-2 ∧ INV-3 holds for patched config. | Solver B (soundness): SOUND: Z3 UNSAT — it is IMPOSSIBLE for the patched config to simultaneously satisfy the patch constraints AND retain the original violation. Non-regression formally proven via CPM.","FAIL: aws_kms_key has key rotation disabled. Set enable_key_rotation = true. Also ensure Principal is not wildcard (*) in the key policy. | PASS: FORMAL PROOF COMPLETE ✓ | APPRUN_01_missing_encryption | Solver A (completeness): COMPLETE: Z3 UNSAT — patch satisfies Cloud Perimeter Model. ∀(zone,enc,sens). INV-1 ∧ INV-2 ∧ INV-3 holds for patched config. | Solver B (soundness): SOUND: Z3 UNSAT — it is IMPOSSIBLE for the patched config to simultaneously satisfy the patch constraints AND retain the original violation. Non-regression formally proven via CPM."
23:10:55,ASG_01_public_ip_enabled,ASG,"FAIL: Cloud Perimeter Model — Z3 SAT counterexample for ASG public IP. Model: NetworkZone=INTERNET, EncryptionLevel=UNENCRYPTED, SensitiveData=1. Violated: INV-1: sensitive data is internet-accessible; INV-2: sensitive data is unencrypted; INV-3: internet-facing resource is unencrypted. SMT: ∃(zone,enc,sens). ¬(INV-1 ∧ INV-2 ∧ INV-3) = SAT.",1,False,"PASS: PATCH REJECTED (completeness failure) | INCOMPLETE: Z3 SAT counterexample in patch — PATCH_Zone=DMZ, PATCH_Enc=UNENCRYPTED. Patch does not fully satisfy Cloud Perimeter invariants.","PASS: PATCH REJECTED (completeness failure) | INCOMPLETE: Z3 SAT counterexample in patch — PATCH_Zone=DMZ, PATCH_Enc=UNENCRYPTED. Patch does not fully satisfy Cloud Perimeter invariants."
23:10:56,AS_01_api_key_auth_only,AS,FAIL: AppSync API uses API_KEY authentication (weak shared secret). Use AWS_IAM or OPENID_CONNECT.,1,False,PASS: Formal Verification Successful.,PASS: Formal Verification Successful.
23:11:00,ATH_01_workgroup_enforce_config_disabled,ATH,"FAIL: Cloud Perimeter Model — Z3 SAT counterexample for aws_athena_workgroup. Model: NetworkZone=DMZ, EncryptionLevel=UNENCRYPTED, SensitiveData=1. Violated: INV-2: sensitive data is unencrypted. SMT: ∃(zone,enc,sens). ¬(INV-1 ∧ INV-2 ∧ INV-3) = SAT.",1,False,"PASS: FORMAL PROOF COMPLETE ✓ | ATH_01_workgroup_enforce_config_disabled | Solver A (completeness): COMPLETE: Z3 UNSAT — patch satisfies Cloud Perimeter Model. ∀(zone,enc,sens). INV-1 ∧ INV-2 ∧ INV-3 holds for patched config. | Solver B (soundness): SOUND: Z3 UNSAT — it is IMPOSSIBLE for the patched config to simultaneously satisfy the patch constraints AND retain the original violation. Non-regression formally proven via CPM.","PASS: FORMAL PROOF COMPLETE ✓ | ATH_01_workgroup_enforce_config_disabled | Solver A (completeness): COMPLETE: Z3 UNSAT — patch satisfies Cloud Perimeter Model. ∀(zone,enc,sens). INV-1 ∧ INV-2 ∧ INV-3 holds for patched config. | Solver B (soundness): SOUND: Z3 UNSAT — it is IMPOSSIBLE for the patched config to simultaneously satisfy the patch constraints AND retain the original violation. Non-regression formally proven via CPM."
23:42:12,BATCH_01_privileged_container,BATCH,FAIL: aws_batch_job_definition is running in privileged mode.,5,True,FAIL: aws_batch_job_definition is running in privileged mode.,FAIL: aws_batch_job_definition is running in privileged mode. | FAIL: aws_batch_job_definition is running in privileged mode. | FAIL: aws_batch_job_definition is running in privileged mode. | FAIL: aws_batch_job_definition is running in privileged mode. | FAIL: aws_batch_job_definition is running in privileged mode.
23:42:31,CB_01_privileged_mode_enabled,CB,FAIL: aws_codebuild_project is running in privileged mode.,1,False,PASS: Formal Verification Successful.,PASS: Formal Verification Successful.
23:42:33,CFG_01_recorder_disabled,CFG,FAIL: AWS Config recorder is disabled.,1,False,PASS: Formal Verification Successful.,PASS: Formal Verification Successful.
23:42:38,CF_01_allow_http_traffic,CF,FAIL: CloudFront allows insecure HTTP traffic.,2,False,PASS: Formal Verification Successful.,FAIL: CloudFront S3 origin missing OAC/OAI. | PASS: Formal Verification Successful.
23:42:42,CF_02_missing_origin_access_control,CF,FAIL: CloudFront S3 origin missing OAC/OAI.,1,False,PASS: Formal Verification Successful.,PASS: Formal Verification Successful.
23:42:45,COG_01_allow_unauthenticated_identities,COG,FAIL: Cognito allows unauthenticated identities.,1,False,PASS: Formal Verification Successful.,PASS: Formal Verification Successful.
23:42:48,CT_01_logging_disabled,CT,FAIL: CloudTrail logging is disabled.,1,False,PASS: Formal Verification Successful.,PASS: Formal Verification Successful.
23:42:50,CT_02_log_file_validation_disabled,CT,FAIL: CloudTrail log file validation is disabled.,1,False,PASS: Formal Verification Successful.,PASS: Formal Verification Successful.
23:42:53,CW_01_no_retention,CW,FAIL: CloudWatch Log Group has no retention policy.,1,False,PASS: Formal Verification Successful.,PASS: Formal Verification Successful.
23:42:59,CW_02_logs_unencrypted,CW,FAIL: CloudWatch Log Group is not encrypted with a CMK (kms_key_id missing).,2,False,"PASS: FORMAL PROOF COMPLETE ✓ | CW_02_logs_unencrypted | Solver A (completeness): COMPLETE: Z3 UNSAT — patch satisfies Cloud Perimeter Model. ∀(zone,enc,sens). INV-1 ∧ INV-2 ∧ INV-3 holds for patched config. | Solver B (soundness): SOUND: Z3 UNSAT — it is IMPOSSIBLE for the patched config to simultaneously satisfy the patch constraints AND retain the original violation. Non-regression formally proven via CPM.","FAIL: aws_kms_key has key rotation disabled. Set enable_key_rotation = true. Also ensure Principal is not wildcard (*) in the key policy. | PASS: FORMAL PROOF COMPLETE ✓ | CW_02_logs_unencrypted | Solver A (completeness): COMPLETE: Z3 UNSAT — patch satisfies Cloud Perimeter Model. ∀(zone,enc,sens). INV-1 ∧ INV-2 ∧ INV-3 holds for patched config. | Solver B (soundness): SOUND: Z3 UNSAT — it is IMPOSSIBLE for the patched config to simultaneously satisfy the patch constraints AND retain the original violation. Non-regression formally proven via CPM."
23:43:02,DAX_01_encryption_disabled,DAX,"FAIL: Cloud Perimeter Model — Z3 SAT counterexample for aws_dax_cluster. Model: NetworkZone=DMZ, EncryptionLevel=UNENCRYPTED, SensitiveData=1. Violated: INV-2: sensitive data is unencrypted. SMT: ∃(zone,enc,sens). ¬(INV-1 ∧ INV-2 ∧ INV-3) = SAT.",1,False,"PASS: FORMAL PROOF COMPLETE ✓ | DAX_01_encryption_disabled | Solver A (completeness): COMPLETE: Z3 UNSAT — patch satisfies Cloud Perimeter Model. ∀(zone,enc,sens). INV-1 ∧ INV-2 ∧ INV-3 holds for patched config. | Solver B (soundness): SOUND: Z3 UNSAT — it is IMPOSSIBLE for the patched config to simultaneously satisfy the patch constraints AND retain the original violation. Non-regression formally proven via CPM.","PASS: FORMAL PROOF COMPLETE ✓ | DAX_01_encryption_disabled | Solver A (completeness): COMPLETE: Z3 UNSAT — patch satisfies Cloud Perimeter Model. ∀(zone,enc,sens). INV-1 ∧ INV-2 ∧ INV-3 holds for patched config. | Solver B (soundness): SOUND: Z3 UNSAT — it is IMPOSSIBLE for the patched config to simultaneously satisfy the patch constraints AND retain the original violation. Non-regression formally proven via CPM."
23:43:22,DDB_01_pitr_disabled,DDB,FAIL: aws_dynamodb_table has point_in_time_recovery disabled.,2,False,"PASS: FORMAL PROOF COMPLETE ✓ | DDB_01_pitr_disabled | Solver A (completeness): COMPLETE: Z3 UNSAT — patch satisfies Cloud Perimeter Model. ∀(zone,enc,sens). INV-1 ∧ INV-2 ∧ INV-3 holds for patched config. | Solver B (soundness): SOUND: Z3 UNSAT — it is IMPOSSIBLE for the patched config to simultaneously satisfy the patch constraints AND retain the original violation. Non-regression formally proven via CPM.","FAIL: Cloud Perimeter Model — Z3 SAT counterexample for aws_dynamodb_table. Model: NetworkZone=DMZ, EncryptionLevel=UNENCRYPTED, SensitiveData=1. Violated: INV-2: sensitive data is unencrypted. SMT: ∃(zone,enc,sens). ¬(INV-1 ∧ INV-2 ∧ INV-3) = SAT. | PASS: FORMAL PROOF COMPLETE ✓ | DDB_01_pitr_disabled | Solver A (completeness): COMPLETE: Z3 UNSAT — patch satisfies Cloud Perimeter Model. ∀(zone,enc,sens). INV-1 ∧ INV-2 ∧ INV-3 holds for patched config. | Solver B (soundness): SOUND: Z3 UNSAT — it is IMPOSSIBLE for the patched config to simultaneously satisfy the patch constraints AND retain the original violation. Non-regression formally proven via CPM."
23:43:26,DOCDB_01_encryption_disabled,DOCDB,"FAIL: Cloud Perimeter Model — Z3 SAT counterexample for aws_docdb_cluster. Model: NetworkZone=DMZ, EncryptionLevel=UNENCRYPTED, SensitiveData=1. Violated: INV-2: sensitive data is unencrypted. SMT: ∃(zone,enc,sens). ¬(INV-1 ∧ INV-2 ∧ INV-3) = SAT.",1,False,"PASS: FORMAL PROOF COMPLETE ✓ | DOCDB_01_encryption_disabled | Solver A (completeness): COMPLETE: Z3 UNSAT — patch satisfies Cloud Perimeter Model. ∀(zone,enc,sens). INV-1 ∧ INV-2 ∧ INV-3 holds for patched config. | Solver B (soundness): SOUND: Z3 UNSAT — it is IMPOSSIBLE for the patched config to simultaneously satisfy the patch constraints AND retain the original violation. Non-regression formally proven via CPM.","PASS: FORMAL PROOF COMPLETE ✓ | DOCDB_01_encryption_disabled | Solver A (completeness): COMPLETE: Z3 UNSAT — patch satisfies Cloud Perimeter Model. ∀(zone,enc,sens). INV-1 ∧ INV-2 ∧ INV-3 holds for patched config. | Solver B (soundness): SOUND: Z3 UNSAT — it is IMPOSSIBLE for the patched config to simultaneously satisfy the patch constraints AND retain the original violation. Non-regression formally proven via CPM."
23:43:36,DOCDB_02_publicly_accessible,DOCDB,"FAIL: Cloud Perimeter Model — Z3 SAT counterexample for aws_docdb_cluster_instance. Model: NetworkZone=INTERNET, EncryptionLevel=UNENCRYPTED, SensitiveData=1. Violated: INV-1: sensitive data is internet-accessible; INV-2: sensitive data is unencrypted; INV-3: internet-facing resource is unencrypted. SMT: ∃(zone,enc,sens). ¬(INV-1 ∧ INV-2 ∧ INV-3) = SAT.",5,True,"FAIL: Cloud Perimeter Model — Z3 SAT counterexample for aws_security_group. Model: NetworkZone=DMZ, EncryptionLevel=UNENCRYPTED, SensitiveData=1. Violated: INV-2: sensitive data is unencrypted. SMT: ∃(zone,enc,sens). ¬(INV-1 ∧ INV-2 ∧ INV-3) = SAT.","FAIL: Cloud Perimeter Model — Z3 SAT counterexample for aws_security_group. Model: NetworkZone=DMZ, EncryptionLevel=UNENCRYPTED, SensitiveData=1. Violated: INV-2: sensitive data is unencrypted. SMT: ∃(zone,enc,sens). ¬(INV-1 ∧ INV-2 ∧ INV-3) = SAT. | FAIL: Cloud Perimeter Model — Z3 SAT counterexample for aws_security_group. Model: NetworkZone=DMZ, EncryptionLevel=UNENCRYPTED, SensitiveData=1. Violated: INV-2: sensitive data is unencrypted. SMT: ∃(zone,enc,sens). ¬(INV-1 ∧ INV-2 ∧ INV-3) = SAT. | FAIL: Cloud Perimeter Model — Z3 SAT counterexample for aws_security_group. Model: NetworkZone=DMZ, EncryptionLevel=UNENCRYPTED, SensitiveData=1. Violated: INV-2: sensitive data is unencrypted. SMT: ∃(zone,enc,sens). ¬(INV-1 ∧ INV-2 ∧ INV-3) = SAT. | FAIL: Cloud Perimeter Model — Z3 SAT counterexample for aws_security_group. Model: NetworkZone=DMZ, EncryptionLevel=UNENCRYPTED, SensitiveData=1. Violated: INV-2: sensitive data is unencrypted. SMT: ∃(zone,enc,sens). ¬(INV-1 ∧ INV-2 ∧ INV-3) = SAT. | FAIL: Cloud Perimeter Model — Z3 SAT counterexample for aws_security_group. Model: NetworkZone=DMZ, EncryptionLevel=UNENCRYPTED, SensitiveData=1. Violated: INV-2: sensitive data is unencrypted. SMT: ∃(zone,enc,sens). ¬(INV-1 ∧ INV-2 ∧ INV-3) = SAT."
23:43:40,EBS_01_public_snapshot,EBS,"FAIL: Cloud Perimeter Model — Z3 SAT counterexample for aws_snapshot_create_volume_permission. Model: NetworkZone=DMZ, EncryptionLevel=UNENCRYPTED, SensitiveData=1. Violated: INV-2: sensitive data is unencrypted. SMT: ∃(zone,enc,sens). ¬(INV-1 ∧ INV-2 ∧ INV-3) = SAT.",5,True,"FAIL: Cloud Perimeter Model — Z3 SAT counterexample for aws_snapshot_create_volume_permission. Model: NetworkZone=DMZ, EncryptionLevel=UNENCRYPTED, SensitiveData=1. Violated: INV-2: sensitive data is unencrypted. SMT: ∃(zone,enc,sens). ¬(INV-1 ∧ INV-2 ∧ INV-3) = SAT.","FAIL: Cloud Perimeter Model — Z3 SAT counterexample for aws_snapshot_create_volume_permission. Model: NetworkZone=DMZ, EncryptionLevel=UNENCRYPTED, SensitiveData=1. Violated: INV-2: sensitive data is unencrypted. SMT: ∃(zone,enc,sens). ¬(INV-1 ∧ INV-2 ∧ INV-3) = SAT. | FAIL: Cloud Perimeter Model — Z3 SAT counterexample for aws_snapshot_create_volume_permission. Model: NetworkZone=DMZ, EncryptionLevel=UNENCRYPTED, SensitiveData=1. Violated: INV-2: sensitive data is unencrypted. SMT: ∃(zone,enc,sens). ¬(INV-1 ∧ INV-2 ∧ INV-3) = SAT. | FAIL: Cloud Perimeter Model — Z3 SAT counterexample for aws_snapshot_create_volume_permission. Model: NetworkZone=DMZ, EncryptionLevel=UNENCRYPTED, SensitiveData=1. Violated: INV-2: sensitive data is unencrypted. SMT: ∃(zone,enc,sens). ¬(INV-1 ∧ INV-2 ∧ INV-3) = SAT. | FAIL: Cloud Perimeter Model — Z3 SAT counterexample for aws_snapshot_create_volume_permission. Model: NetworkZone=DMZ, EncryptionLevel=UNENCRYPTED, SensitiveData=1. Violated: INV-2: sensitive data is unencrypted. SMT: ∃(zone,enc,sens). ¬(INV-1 ∧ INV-2 ∧ INV-3) = SAT. | FAIL: Cloud Perimeter Model — Z3 SAT counterexample for aws_snapshot_create_volume_permission. Model: NetworkZone=DMZ, EncryptionLevel=UNENCRYPTED, SensitiveData=1. Violated: INV-2: sensitive data is unencrypted. SMT: ∃(zone,enc,sens). ¬(INV-1 ∧ INV-2 ∧ INV-3) = SAT."
23:43:42,EC2_01_ingress_open_ssh,EC2,"FAIL: Z3 Exists-witness found attack path in aws_security_group. Witness: src_ip=236.180.23.160, dst_port=22 (SSH). SMT query: ∃(src_ip,dst_port). allow_rule(src_ip,22) = SAT.",1,False,PASS: Formal Verification Successful.,PASS: Formal Verification Successful.
23:43:46,EC2_02_ebs_volume_unencrypted,EC2,FAIL: EC2 root block device is unencrypted.,1,False,"PASS: PATCH REJECTED (completeness failure) | INCOMPLETE: Z3 SAT counterexample in patch — PATCH_Zone=DMZ, PATCH_Enc=UNENCRYPTED. Patch does not fully satisfy Cloud Perimeter invariants.","PASS: PATCH REJECTED (completeness failure) | INCOMPLETE: Z3 SAT counterexample in patch — PATCH_Zone=DMZ, PATCH_Enc=UNENCRYPTED. Patch does not fully satisfy Cloud Perimeter invariants."
23:43:48,EC2_03_imds_v1_enabled,EC2,FAIL: EC2 IMDSv2 is not enforced (http_tokens not required).,1,False,PASS: Formal Verification Successful.,PASS: Formal Verification Successful.
23:43:52,EC2_04_egress_open_all,EC2,FAIL: Security Group has unrestricted egress (0.0.0.0/0) with no ingress rules — data exfiltration risk.,1,False,PASS: Formal Verification Successful.,PASS: Formal Verification Successful.
23:43:57,EC2_05_detailed_monitoring_disabled,EC2,FAIL: EC2 detailed monitoring is disabled.,1,False,PASS: Formal Verification Successful.,PASS: Formal Verification Successful.
23:44:00,EC2_06_unencrypted_ami,EC2,"FAIL: Cloud Perimeter Model — Z3 SAT counterexample for aws_ami. Model: NetworkZone=DMZ, EncryptionLevel=UNENCRYPTED, SensitiveData=1. Violated: INV-2: sensitive data is unencrypted. SMT: ∃(zone,enc,sens). ¬(INV-1 ∧ INV-2 ∧ INV-3) = SAT.",1,False,"PASS: FORMAL PROOF COMPLETE ✓ | EC2_06_unencrypted_ami | Solver A (completeness): COMPLETE: Z3 UNSAT — patch satisfies Cloud Perimeter Model. ∀(zone,enc,sens). INV-1 ∧ INV-2 ∧ INV-3 holds for patched config. | Solver B (soundness): SOUND: Z3 UNSAT — it is IMPOSSIBLE for the patched config to simultaneously satisfy the patch constraints AND retain the original violation. Non-regression formally proven via CPM.","PASS: FORMAL PROOF COMPLETE ✓ | EC2_06_unencrypted_ami | Solver A (completeness): COMPLETE: Z3 UNSAT — patch satisfies Cloud Perimeter Model. ∀(zone,enc,sens). INV-1 ∧ INV-2 ∧ INV-3 holds for patched config. | Solver B (soundness): SOUND: Z3 UNSAT — it is IMPOSSIBLE for the patched config to simultaneously satisfy the patch constraints AND retain the original violation. Non-regression formally proven via CPM."
23:44:17,ECR_01_mutable_tags,ECR,FAIL: ECR repository allows mutable tags.,2,False,PASS: Formal Verification Successful.,FAIL: ECR lifecycle policy is missing. Add an aws_ecr_lifecycle_policy resource to expire old images. | PASS: Formal Verification Successful.
23:44:22,ECR_02_scan_on_push_disabled,ECR,FAIL: ECR scan_on_push is disabled.,1,False,PASS: Formal Verification Successful.,PASS: Formal Verification Successful.
23:44:25,ECR_03_missing_lifecycle_policy,ECR,FAIL: ECR lifecycle policy is missing. Add an aws_ecr_lifecycle_policy resource to expire old images.,1,False,PASS: Formal Verification Successful.,PASS: Formal Verification Successful.
23:44:31,ECS_01_container_privileged_mode,ECS,FAIL: aws_ecs_task_definition is running in privileged mode.,5,True,FAIL: aws_ecs_task_definition is running in privileged mode.,FAIL: aws_ecs_task_definition is running in privileged mode. | FAIL: aws_ecs_task_definition is running in privileged mode. | FAIL: aws_ecs_task_definition is running in privileged mode. | FAIL: aws_ecs_task_definition is running in privileged mode. | FAIL: aws_ecs_task_definition is running in privileged mode.
23:44:36,EC_01_transit_encryption_disabled,EC,"FAIL: Cloud Perimeter Model — Z3 SAT counterexample for aws_elasticache_replication_group. Model: NetworkZone=DMZ, EncryptionLevel=UNENCRYPTED, SensitiveData=1. Violated: INV-2: sensitive data is unencrypted. SMT: ∃(zone,enc,sens). ¬(INV-1 ∧ INV-2 ∧ INV-3) = SAT.",1,False,"PASS: FORMAL PROOF COMPLETE ✓ | EC_01_transit_encryption_disabled | Solver A (completeness): COMPLETE: Z3 UNSAT — patch satisfies Cloud Perimeter Model. ∀(zone,enc,sens). INV-1 ∧ INV-2 ∧ INV-3 holds for patched config. | Solver B (soundness): SOUND: Z3 UNSAT — it is IMPOSSIBLE for the patched config to simultaneously satisfy the patch constraints AND retain the original violation. Non-regression formally proven via CPM.","PASS: FORMAL PROOF COMPLETE ✓ | EC_01_transit_encryption_disabled | Solver A (completeness): COMPLETE: Z3 UNSAT — patch satisfies Cloud Perimeter Model. ∀(zone,enc,sens). INV-1 ∧ INV-2 ∧ INV-3 holds for patched config. | Solver B (soundness): SOUND: Z3 UNSAT — it is IMPOSSIBLE for the patched config to simultaneously satisfy the patch constraints AND retain the original violation. Non-regression formally proven via CPM."
23:44:42,EFS_01_encryption_disabled,EFS,"FAIL: Cloud Perimeter Model — Z3 SAT counterexample for aws_efs_file_system. Model: NetworkZone=DMZ, EncryptionLevel=UNENCRYPTED, SensitiveData=1. Violated: INV-2: sensitive data is unencrypted. SMT: ∃(zone,enc,sens). ¬(INV-1 ∧ INV-2 ∧ INV-3) = SAT.",5,True,FAIL: aws_kms_key has key rotation disabled. Set enable_key_rotation = true. Also ensure Principal is not wildcard (*) in the key policy.,"FAIL: aws_kms_key has key rotation disabled. Set enable_key_rotation = true. Also ensure Principal is not wildcard (*) in the key policy. | FAIL: Cloud Perimeter Model — Z3 SAT counterexample for aws_kms_key_policy. Model: NetworkZone=DMZ, EncryptionLevel=UNENCRYPTED, SensitiveData=1. Violated: INV-2: sensitive data is unencrypted. SMT: ∃(zone,enc,sens). ¬(INV-1 ∧ INV-2 ∧ INV-3) = SAT. | FAIL: aws_kms_key has key rotation disabled. Set enable_key_rotation = true. Also ensure Principal is not wildcard (*) in the key policy. | FAIL: Cloud Perimeter Model — Z3 SAT counterexample for aws_kms_key_policy. Model: NetworkZone=DMZ, EncryptionLevel=UNENCRYPTED, SensitiveData=1. Violated: INV-2: sensitive data is unencrypted. SMT: ∃(zone,enc,sens). ¬(INV-1 ∧ INV-2 ∧ INV-3) = SAT. | FAIL: aws_kms_key has key rotation disabled. Set enable_key_rotation = true. Also ensure Principal is not wildcard (*) in the key policy."
23:44:45,EKS_01_public_endpoint_access,EKS,FAIL: EKS cluster endpoint_private_access is disabled.,5,True,FAIL: EKS cluster logging is incomplete (missing api/audit/authenticator).,"FAIL: Cloud Perimeter Model — Z3 SAT counterexample for aws_eks_cluster (secrets KMS). Model: NetworkZone=DMZ, EncryptionLevel=UNENCRYPTED, SensitiveData=1. Violated: INV-2: sensitive data is unencrypted. SMT: ∃(zone,enc,sens). ¬(INV-1 ∧ INV-2 ∧ INV-3) = SAT. | FAIL: EKS cluster logging is incomplete (missing api/audit/authenticator). | FAIL: EKS cluster endpoint_private_access is disabled. | FAIL: Cloud Perimeter Model — Z3 SAT counterexample for aws_eks_cluster (secrets KMS). Model: NetworkZone=DMZ, EncryptionLevel=UNENCRYPTED, SensitiveData=1. Violated: INV-2: sensitive data is unencrypted. SMT: ∃(zone,enc,sens). ¬(INV-1 ∧ INV-2 ∧ INV-3) = SAT. | FAIL: EKS cluster logging is incomplete (missing api/audit/authenticator)."
23:44:52,EKS_02_secrets_unencrypted,EKS,"FAIL: Cloud Perimeter Model — Z3 SAT counterexample for aws_eks_cluster (secrets KMS). Model: NetworkZone=DMZ, EncryptionLevel=UNENCRYPTED, SensitiveData=1. Violated: INV-2: sensitive data is unencrypted. SMT: ∃(zone,enc,sens). ¬(INV-1 ∧ INV-2 ∧ INV-3) = SAT.",5,True,FAIL: EKS cluster logging is incomplete (missing api/audit/authenticator).,FAIL: EKS cluster logging is incomplete (missing api/audit/authenticator). | FAIL: EKS cluster logging is incomplete (missing api/audit/authenticator). | FAIL: EKS cluster logging is incomplete (missing api/audit/authenticator). | FAIL: EKS cluster logging is incomplete (missing api/audit/authenticator). | FAIL: EKS cluster logging is incomplete (missing api/audit/authenticator).
23:45:00,EKS_03_no_endpoint_private_access,EKS,FAIL: EKS cluster endpoint_private_access is disabled.,5,True,"FAIL: Cloud Perimeter Model — Z3 SAT counterexample for aws_eks_cluster (secrets KMS). Model: NetworkZone=DMZ, EncryptionLevel=UNENCRYPTED, SensitiveData=1. Violated: INV-2: sensitive data is unencrypted. SMT: ∃(zone,enc,sens). ¬(INV-1 ∧ INV-2 ∧ INV-3) = SAT.","FAIL: Cloud Perimeter Model — Z3 SAT counterexample for aws_eks_cluster (secrets KMS). Model: NetworkZone=DMZ, EncryptionLevel=UNENCRYPTED, SensitiveData=1. Violated: INV-2: sensitive data is unencrypted. SMT: ∃(zone,enc,sens). ¬(INV-1 ∧ INV-2 ∧ INV-3) = SAT. | FAIL: Cloud Perimeter Model — Z3 SAT counterexample for aws_eks_cluster (secrets KMS). Model: NetworkZone=DMZ, EncryptionLevel=UNENCRYPTED, SensitiveData=1. Violated: INV-2: sensitive data is unencrypted. SMT: ∃(zone,enc,sens). ¬(INV-1 ∧ INV-2 ∧ INV-3) = SAT. | FAIL: Cloud Perimeter Model — Z3 SAT counterexample for aws_eks_cluster (secrets KMS). Model: NetworkZone=DMZ, EncryptionLevel=UNENCRYPTED, SensitiveData=1. Violated: INV-2: sensitive data is unencrypted. SMT: ∃(zone,enc,sens). ¬(INV-1 ∧ INV-2 ∧ INV-3) = SAT. | FAIL: Cloud Perimeter Model — Z3 SAT counterexample for aws_eks_cluster (secrets KMS). Model: NetworkZone=DMZ, EncryptionLevel=UNENCRYPTED, SensitiveData=1. Violated: INV-2: sensitive data is unencrypted. SMT: ∃(zone,enc,sens). ¬(INV-1 ∧ INV-2 ∧ INV-3) = SAT. | FAIL: Cloud Perimeter Model — Z3 SAT counterexample for aws_eks_cluster (secrets KMS). Model: NetworkZone=DMZ, EncryptionLevel=UNENCRYPTED, SensitiveData=1. Violated: INV-2: sensitive data is unencrypted. SMT: ∃(zone,enc,sens). ¬(INV-1 ∧ INV-2 ∧ INV-3) = SAT."
23:45:07,EKS_04_logging_disabled,EKS,"FAIL: Cloud Perimeter Model — Z3 SAT counterexample for aws_eks_cluster (secrets KMS). Model: NetworkZone=DMZ, EncryptionLevel=UNENCRYPTED, SensitiveData=1. Violated: INV-2: sensitive data is unencrypted. SMT: ∃(zone,enc,sens). ¬(INV-1 ∧ INV-2 ∧ INV-3) = SAT.",5,True,"FAIL: Cloud Perimeter Model — Z3 SAT counterexample for aws_eks_cluster (secrets KMS). Model: NetworkZone=DMZ, EncryptionLevel=UNENCRYPTED, SensitiveData=1. Violated: INV-2: sensitive data is unencrypted. SMT: ∃(zone,enc,sens). ¬(INV-1 ∧ INV-2 ∧ INV-3) = SAT.","FAIL: Cloud Perimeter Model — Z3 SAT counterexample for aws_eks_cluster (secrets KMS). Model: NetworkZone=DMZ, EncryptionLevel=UNENCRYPTED, SensitiveData=1. Violated: INV-2: sensitive data is unencrypted. SMT: ∃(zone,enc,sens). ¬(INV-1 ∧ INV-2 ∧ INV-3) = SAT. | FAIL: Cloud Perimeter Model — Z3 SAT counterexample for aws_eks_cluster (secrets KMS). Model: NetworkZone=DMZ, EncryptionLevel=UNENCRYPTED, SensitiveData=1. Violated: INV-2: sensitive data is unencrypted. SMT: ∃(zone,enc,sens). ¬(INV-1 ∧ INV-2 ∧ INV-3) = SAT. | FAIL: Cloud Perimeter Model — Z3 SAT counterexample for aws_eks_cluster (secrets KMS). Model: NetworkZone=DMZ, EncryptionLevel=UNENCRYPTED, SensitiveData=1. Violated: INV-2: sensitive data is unencrypted. SMT: ∃(zone,enc,sens). ¬(INV-1 ∧ INV-2 ∧ INV-3) = SAT. | FAIL: Cloud Perimeter Model — Z3 SAT counterexample for aws_eks_cluster (secrets KMS). Model: NetworkZone=DMZ, EncryptionLevel=UNENCRYPTED, SensitiveData=1. Violated: INV-2: sensitive data is unencrypted. SMT: ∃(zone,enc,sens). ¬(INV-1 ∧ INV-2 ∧ INV-3) = SAT. | FAIL: Cloud Perimeter Model — Z3 SAT counterexample for aws_eks_cluster (secrets KMS). Model: NetworkZone=DMZ, EncryptionLevel=UNENCRYPTED, SensitiveData=1. Violated: INV-2: sensitive data is unencrypted. SMT: ∃(zone,enc,sens). ¬(INV-1 ∧ INV-2 ∧ INV-3) = SAT."
23:45:27,ELB_01_insecure_tls_policy,ELB,FAIL: ELB listener uses an insecure TLS policy.,1,False,"PASS: FORMAL PROOF COMPLETE ✓ | ELB_01_insecure_tls_policy | Solver A (completeness): COMPLETE: Z3 UNSAT — patch satisfies Cloud Perimeter Model. ∀(zone,enc,sens). INV-1 ∧ INV-2 ∧ INV-3 holds for patched config. | Solver B (soundness): SOUND: Z3 UNSAT — it is IMPOSSIBLE for the patched config to simultaneously satisfy the patch constraints AND retain the original violation. Non-regression formally proven via CPM.","PASS: FORMAL PROOF COMPLETE ✓ | ELB_01_insecure_tls_policy | Solver A (completeness): COMPLETE: Z3 UNSAT — patch satisfies Cloud Perimeter Model. ∀(zone,enc,sens). INV-1 ∧ INV-2 ∧ INV-3 holds for patched config. | Solver B (soundness): SOUND: Z3 UNSAT — it is IMPOSSIBLE for the patched config to simultaneously satisfy the patch constraints AND retain the original violation. Non-regression formally proven via CPM."
23:45:32,ELB_02_access_logging_disabled,ELB,FAIL: ELB access logging is disabled/missing.,1,False,PASS: Formal Verification Successful.,PASS: Formal Verification Successful.
23:45:33,ELB_03_desync_mitigation_mode_disabled,ELB,FAIL: ELB desync mitigation mode is not strictest.,1,False,PASS: Formal Verification Successful.,PASS: Formal Verification Successful.
23:45:35,EMR_01_local_disk_unencrypted,EMR,FAIL: EMR local disk encryption is disabled.,1,False,"PASS: FORMAL PROOF COMPLETE ✓ | EMR_01_local_disk_unencrypted | Solver A (completeness): COMPLETE: Z3 UNSAT — patch satisfies Cloud Perimeter Model. ∀(zone,enc,sens). INV-1 ∧ INV-2 ∧ INV-3 holds for patched config. | Solver B (soundness): SOUND: Z3 UNSAT — it is IMPOSSIBLE for the patched config to simultaneously satisfy the patch constraints AND retain the original violation. Non-regression formally proven via CPM.","PASS: FORMAL PROOF COMPLETE ✓ | EMR_01_local_disk_unencrypted | Solver A (completeness): COMPLETE: Z3 UNSAT — patch satisfies Cloud Perimeter Model. ∀(zone,enc,sens). INV-1 ∧ INV-2 ∧ INV-3 holds for patched config. | Solver B (soundness): SOUND: Z3 UNSAT — it is IMPOSSIBLE for the patched config to simultaneously satisfy the patch constraints AND retain the original violation. Non-regression formally proven via CPM."
23:45:46,FSX_01_unencrypted_at_rest,FSX,"FAIL: Cloud Perimeter Model — Z3 SAT counterexample for aws_fsx_lustre_file_system. Model: NetworkZone=DMZ, EncryptionLevel=UNENCRYPTED, SensitiveData=1. Violated: INV-2: sensitive data is unencrypted. SMT: ∃(zone,enc,sens). ¬(INV-1 ∧ INV-2 ∧ INV-3) = SAT.",5,True,"FAIL: Cloud Perimeter Model — Z3 SAT counterexample for aws_fsx_lustre_file_system. Model: NetworkZone=DMZ, EncryptionLevel=UNENCRYPTED, SensitiveData=1. Violated: INV-2: sensitive data is unencrypted. SMT: ∃(zone,enc,sens). ¬(INV-1 ∧ INV-2 ∧ INV-3) = SAT.","FAIL: Cloud Perimeter Model — Z3 SAT counterexample for aws_fsx_lustre_file_system. Model: NetworkZone=DMZ, EncryptionLevel=UNENCRYPTED, SensitiveData=1. Violated: INV-2: sensitive data is unencrypted. SMT: ∃(zone,enc,sens). ¬(INV-1 ∧ INV-2 ∧ INV-3) = SAT. | FAIL: Cloud Perimeter Model — Z3 SAT counterexample for aws_fsx_lustre_file_system. Model: NetworkZone=DMZ, EncryptionLevel=UNENCRYPTED, SensitiveData=1. Violated: INV-2: sensitive data is unencrypted. SMT: ∃(zone,enc,sens). ¬(INV-1 ∧ INV-2 ∧ INV-3) = SAT. | FAIL: Cloud Perimeter Model — Z3 SAT counterexample for aws_fsx_lustre_file_system. Model: NetworkZone=DMZ, EncryptionLevel=UNENCRYPTED, SensitiveData=1. Violated: INV-2: sensitive data is unencrypted. SMT: ∃(zone,enc,sens). ¬(INV-1 ∧ INV-2 ∧ INV-3) = SAT. | FAIL: Cloud Perimeter Model — Z3 SAT counterexample for aws_fsx_lustre_file_system. Model: NetworkZone=DMZ, EncryptionLevel=UNENCRYPTED, SensitiveData=1. Violated: INV-2: sensitive data is unencrypted. SMT: ∃(zone,enc,sens). ¬(INV-1 ∧ INV-2 ∧ INV-3) = SAT. | FAIL: Cloud Perimeter Model — Z3 SAT counterexample for aws_fsx_lustre_file_system. Model: NetworkZone=DMZ, EncryptionLevel=UNENCRYPTED, SensitiveData=1. Violated: INV-2: sensitive data is unencrypted. SMT: ∃(zone,enc,sens). ¬(INV-1 ∧ INV-2 ∧ INV-3) = SAT."
23:45:48,GD_01_detector_disabled,GD,FAIL: GuardDuty disabled.,1,False,PASS: Formal Verification Successful.,PASS: Formal Verification Successful.
23:45:52,GLUE_01_ssl_disabled,GLUE,"FAIL: Cloud Perimeter Model — Z3 SAT counterexample for aws_glue_connection. Model: NetworkZone=DMZ, EncryptionLevel=UNENCRYPTED, SensitiveData=1. Violated: INV-2: sensitive data is unencrypted. SMT: ∃(zone,enc,sens). ¬(INV-1 ∧ INV-2 ∧ INV-3) = SAT.",5,True,"FAIL: Cloud Perimeter Model — Z3 SAT counterexample for aws_glue_connection. Model: NetworkZone=DMZ, EncryptionLevel=UNENCRYPTED, SensitiveData=1. Violated: INV-2: sensitive data is unencrypted. SMT: ∃(zone,enc,sens). ¬(INV-1 ∧ INV-2 ∧ INV-3) = SAT.","FAIL: Cloud Perimeter Model — Z3 SAT counterexample for aws_glue_connection. Model: NetworkZone=DMZ, EncryptionLevel=UNENCRYPTED, SensitiveData=1. Violated: INV-2: sensitive data is unencrypted. SMT: ∃(zone,enc,sens). ¬(INV-1 ∧ INV-2 ∧ INV-3) = SAT. | FAIL: Cloud Perimeter Model — Z3 SAT counterexample for aws_glue_connection. Model: NetworkZone=DMZ, EncryptionLevel=UNENCRYPTED, SensitiveData=1. Violated: INV-2: sensitive data is unencrypted. SMT: ∃(zone,enc,sens). ¬(INV-1 ∧ INV-2 ∧ INV-3) = SAT. | FAIL: Cloud Perimeter Model — Z3 SAT counterexample for aws_glue_connection. Model: NetworkZone=DMZ, EncryptionLevel=UNENCRYPTED, SensitiveData=1. Violated: INV-2: sensitive data is unencrypted. SMT: ∃(zone,enc,sens). ¬(INV-1 ∧ INV-2 ∧ INV-3) = SAT. | FAIL: Cloud Perimeter Model — Z3 SAT counterexample for aws_glue_connection. Model: NetworkZone=DMZ, EncryptionLevel=UNENCRYPTED, SensitiveData=1. Violated: INV-2: sensitive data is unencrypted. SMT: ∃(zone,enc,sens). ¬(INV-1 ∧ INV-2 ∧ INV-3) = SAT. | FAIL: Cloud Perimeter Model — Z3 SAT counterexample for aws_glue_connection. Model: NetworkZone=DMZ, EncryptionLevel=UNENCRYPTED, SensitiveData=1. Violated: INV-2: sensitive data is unencrypted. SMT: ∃(zone,enc,sens). ¬(INV-1 ∧ INV-2 ∧ INV-3) = SAT."
23:45:57,GLUE_02_catalog_unencrypted,GLUE,"FAIL: Cloud Perimeter Model — Z3 SAT counterexample for aws_glue_data_catalog_encryption_settings. Model: NetworkZone=DMZ, EncryptionLevel=UNENCRYPTED, SensitiveData=1. Violated: INV-2: sensitive data is unencrypted. SMT: ∃(zone,enc,sens). ¬(INV-1 ∧ INV-2 ∧ INV-3) = SAT.",5,True,"FAIL: Cloud Perimeter Model — Z3 SAT counterexample for aws_glue_data_catalog_encryption_settings. Model: NetworkZone=DMZ, EncryptionLevel=UNENCRYPTED, SensitiveData=1. Violated: INV-2: sensitive data is unencrypted. SMT: ∃(zone,enc,sens). ¬(INV-1 ∧ INV-2 ∧ INV-3) = SAT.","FAIL: Cloud Perimeter Model — Z3 SAT counterexample for aws_glue_data_catalog_encryption_settings. Model: NetworkZone=DMZ, EncryptionLevel=UNENCRYPTED, SensitiveData=1. Violated: INV-2: sensitive data is unencrypted. SMT: ∃(zone,enc,sens). ¬(INV-1 ∧ INV-2 ∧ INV-3) = SAT. | FAIL: Cloud Perimeter Model — Z3 SAT counterexample for aws_glue_data_catalog_encryption_settings. Model: NetworkZone=DMZ, EncryptionLevel=UNENCRYPTED, SensitiveData=1. Violated: INV-2: sensitive data is unencrypted. SMT: ∃(zone,enc,sens). ¬(INV-1 ∧ INV-2 ∧ INV-3) = SAT. | FAIL: Cloud Perimeter Model — Z3 SAT counterexample for aws_glue_data_catalog_encryption_settings. Model: NetworkZone=DMZ, EncryptionLevel=UNENCRYPTED, SensitiveData=1. Violated: INV-2: sensitive data is unencrypted. SMT: ∃(zone,enc,sens). ¬(INV-1 ∧ INV-2 ∧ INV-3) = SAT. | FAIL: Cloud Perimeter Model — Z3 SAT counterexample for aws_glue_data_catalog_encryption_settings. Model: NetworkZone=DMZ, EncryptionLevel=UNENCRYPTED, SensitiveData=1. Violated: INV-2: sensitive data is unencrypted. SMT: ∃(zone,enc,sens). ¬(INV-1 ∧ INV-2 ∧ INV-3) = SAT. | FAIL: Cloud Perimeter Model — Z3 SAT counterexample for aws_glue_data_catalog_encryption_settings. Model: NetworkZone=DMZ, EncryptionLevel=UNENCRYPTED, SensitiveData=1. Violated: INV-2: sensitive data is unencrypted. SMT: ∃(zone,enc,sens). ¬(INV-1 ∧ INV-2 ∧ INV-3) = SAT."
23:46:01,IAM_01_full_admin_policy,IAM,FAIL: aws_iam_policy policy grants Action='*' on Resource='*' — full administrator access.,1,False,PASS: Formal Verification Successful.,PASS: Formal Verification Successful.
23:46:06,IAM_02_long_lived_access_keys,IAM,FAIL: IAM Violation! Long-lived access key detected.,3,False,PASS: Formal Verification Successful.,FAIL: IAM User has no MFA enforcement. Attach an aws_iam_user_policy that requires MFA (Condition: aws:MultiFactorAuthPresent = true) for all actions. | FAIL: aws_iam_policy policy grants Action='*' on Resource='*' — full administrator access. | PASS: Formal Verification Successful.
23:46:27,IAM_03_weak_password_policy,IAM,FAIL: IAM password policy minimum_password_length=6 is too short (need >= 14).,1,False,PASS: Formal Verification Successful.,PASS: Formal Verification Successful.
23:46:35,IAM_04_user_with_no_mfa,IAM,FAIL: IAM User has no MFA enforcement. Attach an aws_iam_user_policy that requires MFA (Condition: aws:MultiFactorAuthPresent = true) for all actions.,2,False,PASS: Formal Verification Successful.,FAIL: aws_iam_user_policy policy grants Action='*' on Resource='*' — full administrator access. | PASS: Formal Verification Successful.
23:46:38,IAM_05_overly_permissive_trust_policy,IAM,FAIL: aws_iam_role trust/assume_role policy allows wildcard principal (*) — any AWS account can assume this role.,1,False,PASS: Formal Verification Successful.,PASS: Formal Verification Successful.
23:46:41,IAM_06_policy_allows_iam_star,IAM,FAIL: aws_iam_policy policy grants iam:* — allows privilege escalation.,1,False,PASS: Formal Verification Successful.,PASS: Formal Verification Successful.
23:46:47,IOT_01_wildcard_policy,IOT,FAIL: IoT policy contains wildcard action (iot:* or *).,5,True,FAIL: IoT policy contains wildcard action (iot:* or *).,FAIL: IoT policy contains wildcard action (iot:* or *). | FAIL: IoT policy contains wildcard action (iot:* or *). | FAIL: IoT policy contains wildcard action (iot:* or *). | FAIL: IoT policy contains wildcard action (iot:* or *). | FAIL: IoT policy contains wildcard action (iot:* or *).
23:46:52,KIN_01_encryption_disabled,KIN,"FAIL: Cloud Perimeter Model — Z3 SAT counterexample for aws_kinesis_stream. Model: NetworkZone=DMZ, EncryptionLevel=UNENCRYPTED, SensitiveData=1. Violated: INV-2: sensitive data is unencrypted. SMT: ∃(zone,enc,sens). ¬(INV-1 ∧ INV-2 ∧ INV-3) = SAT.",3,False,"PASS: PATCH REJECTED (completeness failure) | INCOMPLETE: Z3 SAT counterexample in patch — PATCH_Zone=DMZ, PATCH_Enc=UNENCRYPTED. Patch does not fully satisfy Cloud Perimeter invariants.","FAIL: aws_kms_key has key rotation disabled. Set enable_key_rotation = true. Also ensure Principal is not wildcard (*) in the key policy. | FAIL: Cloud Perimeter Model — Z3 SAT counterexample for aws_kms_key_policy. Model: NetworkZone=DMZ, EncryptionLevel=UNENCRYPTED, SensitiveData=1. Violated: INV-2: sensitive data is unencrypted. SMT: ∃(zone,enc,sens). ¬(INV-1 ∧ INV-2 ∧ INV-3) = SAT. | PASS: PATCH REJECTED (completeness failure) | INCOMPLETE: Z3 SAT counterexample in patch — PATCH_Zone=DMZ, PATCH_Enc=UNENCRYPTED. Patch does not fully satisfy Cloud Perimeter invariants."
23:46:57,KMS_01_wildcard_principal_policy,KMS,FAIL: aws_kms_key policy grants access to wildcard principal (*).,2,False,"PASS: FORMAL PROOF COMPLETE ✓ | KMS_01_wildcard_principal_policy | Solver A (completeness): COMPLETE: Z3 UNSAT — patch satisfies Cloud Perimeter Model. ∀(zone,enc,sens). INV-1 ∧ INV-2 ∧ INV-3 holds for patched config. | Solver B (soundness): SOUND: Z3 UNSAT — it is IMPOSSIBLE for the patched config to simultaneously satisfy the patch constraints AND retain the original violation. Non-regression formally proven via CPM.","FAIL: aws_kms_key has key rotation disabled. Set enable_key_rotation = true. Also ensure Principal is not wildcard (*) in the key policy. | PASS: FORMAL PROOF COMPLETE ✓ | KMS_01_wildcard_principal_policy | Solver A (completeness): COMPLETE: Z3 UNSAT — patch satisfies Cloud Perimeter Model. ∀(zone,enc,sens). INV-1 ∧ INV-2 ∧ INV-3 holds for patched config. | Solver B (soundness): SOUND: Z3 UNSAT — it is IMPOSSIBLE for the patched config to simultaneously satisfy the patch constraints AND retain the original violation. Non-regression formally proven via CPM."
23:47:01,KMS_02_key_rotation_disabled,KMS,FAIL: aws_kms_key has key rotation disabled. Set enable_key_rotation = true. Also ensure Principal is not wildcard (*) in the key policy.,1,False,"PASS: FORMAL PROOF COMPLETE ✓ | KMS_02_key_rotation_disabled | Solver A (completeness): COMPLETE: Z3 UNSAT — patch satisfies Cloud Perimeter Model. ∀(zone,enc,sens). INV-1 ∧ INV-2 ∧ INV-3 holds for patched config. | Solver B (soundness): SOUND: Z3 UNSAT — it is IMPOSSIBLE for the patched config to simultaneously satisfy the patch constraints AND retain the original violation. Non-regression formally proven via CPM.","PASS: FORMAL PROOF COMPLETE ✓ | KMS_02_key_rotation_disabled | Solver A (completeness): COMPLETE: Z3 UNSAT — patch satisfies Cloud Perimeter Model. ∀(zone,enc,sens). INV-1 ∧ INV-2 ∧ INV-3 holds for patched config. | Solver B (soundness): SOUND: Z3 UNSAT — it is IMPOSSIBLE for the patched config to simultaneously satisfy the patch constraints AND retain the original violation. Non-regression formally proven via CPM."
23:47:05,LAMBDA_01_missing_vpc_config,LAMBDA,FAIL: Lambda is missing vpc_config.,1,False,PASS: Formal Verification Successful.,PASS: Formal Verification Successful.
23:47:08,LAMBDA_02_public_access_policy,LAMBDA,"FAIL: Cloud Perimeter Model — Z3 SAT counterexample for aws_lambda_permission (public principal). Model: NetworkZone=INTERNET, EncryptionLevel=UNENCRYPTED, SensitiveData=1. Violated: INV-1: sensitive data is internet-accessible; INV-2: sensitive data is unencrypted; INV-3: internet-facing resource is unencrypted. SMT: ∃(zone,enc,sens). ¬(INV-1 ∧ INV-2 ∧ INV-3) = SAT.",1,False,"PASS: PATCH REJECTED (completeness failure) | INCOMPLETE: Z3 SAT counterexample in patch — PATCH_Zone=DMZ, PATCH_Enc=UNENCRYPTED. Patch does not fully satisfy Cloud Perimeter invariants.","PASS: PATCH REJECTED (completeness failure) | INCOMPLETE: Z3 SAT counterexample in patch — PATCH_Zone=DMZ, PATCH_Enc=UNENCRYPTED. Patch does not fully satisfy Cloud Perimeter invariants."
23:47:24,LAMBDA_03_excessive_timeout,LAMBDA,FAIL: Lambda timeout is excessive (900s).,1,False,PASS: Formal Verification Successful.,PASS: Formal Verification Successful.
23:47:29,LF_01_excessive_permissions,LF,FAIL: LakeFormation grants ALL/SUPER permissions (excessive privilege).,1,False,PASS: Formal Verification Successful.,PASS: Formal Verification Successful.
23:47:34,MDB_01_transit_encryption_disabled,MDB,"FAIL: Cloud Perimeter Model — Z3 SAT counterexample for aws_memorydb_cluster. Model: NetworkZone=DMZ, EncryptionLevel=UNENCRYPTED, SensitiveData=1. Violated: INV-2: sensitive data is unencrypted. SMT: ∃(zone,enc,sens). ¬(INV-1 ∧ INV-2 ∧ INV-3) = SAT.",1,False,"PASS: FORMAL PROOF COMPLETE ✓ | MDB_01_transit_encryption_disabled | Solver A (completeness): COMPLETE: Z3 UNSAT — patch satisfies Cloud Perimeter Model. ∀(zone,enc,sens). INV-1 ∧ INV-2 ∧ INV-3 holds for patched config. | Solver B (soundness): SOUND: Z3 UNSAT — it is IMPOSSIBLE for the patched config to simultaneously satisfy the patch constraints AND retain the original violation. Non-regression formally proven via CPM.","PASS: FORMAL PROOF COMPLETE ✓ | MDB_01_transit_encryption_disabled | Solver A (completeness): COMPLETE: Z3 UNSAT — patch satisfies Cloud Perimeter Model. ∀(zone,enc,sens). INV-1 ∧ INV-2 ∧ INV-3 holds for patched config. | Solver B (soundness): SOUND: Z3 UNSAT — it is IMPOSSIBLE for the patched config to simultaneously satisfy the patch constraints AND retain the original violation. Non-regression formally proven via CPM."
23:47:36,MQ_01_public_access_enabled,MQ,FAIL: aws_mq_broker is publicly accessible from the internet.,1,False,PASS: PATCH REJECTED (regression risk) | REGRESSION RISK: Z3 SAT — both broken and patched configs violate Cloud Perimeter invariants simultaneously. LLM patch is insufficient for MQ_01_public_access_enabled.,PASS: PATCH REJECTED (regression risk) | REGRESSION RISK: Z3 SAT — both broken and patched configs violate Cloud Perimeter invariants simultaneously. LLM patch is insufficient for MQ_01_public_access_enabled.
23:47:39,MQ_02_audit_logging_disabled,MQ,FAIL: MQ audit logging is disabled. Set logs { audit = true } to record management actions.,1,False,PASS: Formal Verification Successful.,PASS: Formal Verification Successful.
23:47:42,MSK_01_client_broker_plaintext,MSK,"FAIL: Cloud Perimeter Model — Z3 SAT counterexample for aws_msk_cluster (TLS in-transit). Model: NetworkZone=DMZ, EncryptionLevel=UNENCRYPTED, SensitiveData=1. Violated: INV-2: sensitive data is unencrypted. SMT: ∃(zone,enc,sens). ¬(INV-1 ∧ INV-2 ∧ INV-3) = SAT.",1,False,"PASS: FORMAL PROOF COMPLETE ✓ | MSK_01_client_broker_plaintext | Solver A (completeness): COMPLETE: Z3 UNSAT — patch satisfies Cloud Perimeter Model. ∀(zone,enc,sens). INV-1 ∧ INV-2 ∧ INV-3 holds for patched config. | Solver B (soundness): SOUND: Z3 UNSAT — it is IMPOSSIBLE for the patched config to simultaneously satisfy the patch constraints AND retain the original violation. Non-regression formally proven via CPM.","PASS: FORMAL PROOF COMPLETE ✓ | MSK_01_client_broker_plaintext | Solver A (completeness): COMPLETE: Z3 UNSAT — patch satisfies Cloud Perimeter Model. ∀(zone,enc,sens). INV-1 ∧ INV-2 ∧ INV-3 holds for patched config. | Solver B (soundness): SOUND: Z3 UNSAT — it is IMPOSSIBLE for the patched config to simultaneously satisfy the patch constraints AND retain the original violation. Non-regression formally proven via CPM."
23:47:47,MW_01_unencrypted_airflow,MW,"FAIL: Cloud Perimeter Model — Z3 SAT counterexample for aws_mwaa_environment. Model: NetworkZone=DMZ, EncryptionLevel=UNENCRYPTED, SensitiveData=1. Violated: INV-2: sensitive data is unencrypted. SMT: ∃(zone,enc,sens). ¬(INV-1 ∧ INV-2 ∧ INV-3) = SAT.",1,False,"PASS: FORMAL PROOF COMPLETE ✓ | MW_01_unencrypted_airflow | Solver A (completeness): COMPLETE: Z3 UNSAT — patch satisfies Cloud Perimeter Model. ∀(zone,enc,sens). INV-1 ∧ INV-2 ∧ INV-3 holds for patched config. | Solver B (soundness): SOUND: Z3 UNSAT — it is IMPOSSIBLE for the patched config to simultaneously satisfy the patch constraints AND retain the original violation. Non-regression formally proven via CPM.","PASS: FORMAL PROOF COMPLETE ✓ | MW_01_unencrypted_airflow | Solver A (completeness): COMPLETE: Z3 UNSAT — patch satisfies Cloud Perimeter Model. ∀(zone,enc,sens). INV-1 ∧ INV-2 ∧ INV-3 holds for patched config. | Solver B (soundness): SOUND: Z3 UNSAT — it is IMPOSSIBLE for the patched config to simultaneously satisfy the patch constraints AND retain the original violation. Non-regression formally proven via CPM."
23:47:51,NEP_01_storage_unencrypted,NEP,"FAIL: Cloud Perimeter Model — Z3 SAT counterexample for aws_neptune_cluster. Model: NetworkZone=DMZ, EncryptionLevel=UNENCRYPTED, SensitiveData=1. Violated: INV-2: sensitive data is unencrypted. SMT: ∃(zone,enc,sens). ¬(INV-1 ∧ INV-2 ∧ INV-3) = SAT.",1,False,"PASS: FORMAL PROOF COMPLETE ✓ | NEP_01_storage_unencrypted | Solver A (completeness): COMPLETE: Z3 UNSAT — patch satisfies Cloud Perimeter Model. ∀(zone,enc,sens). INV-1 ∧ INV-2 ∧ INV-3 holds for patched config. | Solver B (soundness): SOUND: Z3 UNSAT — it is IMPOSSIBLE for the patched config to simultaneously satisfy the patch constraints AND retain the original violation. Non-regression formally proven via CPM.","PASS: FORMAL PROOF COMPLETE ✓ | NEP_01_storage_unencrypted | Solver A (completeness): COMPLETE: Z3 UNSAT — patch satisfies Cloud Perimeter Model. ∀(zone,enc,sens). INV-1 ∧ INV-2 ∧ INV-3 holds for patched config. | Solver B (soundness): SOUND: Z3 UNSAT — it is IMPOSSIBLE for the patched config to simultaneously satisfy the patch constraints AND retain the original violation. Non-regression formally proven via CPM."
23:47:53,NFW_01_no_logging_config,NFW,FAIL: Network Firewall logging is missing.,1,False,PASS: Formal Verification Successful.,PASS: Formal Verification Successful.
23:47:58,OS_01_node_to_node_encryption_disabled,OS,"FAIL: Cloud Perimeter Model — Z3 SAT counterexample for aws_opensearch_domain (node-to-node). Model: NetworkZone=DMZ, EncryptionLevel=UNENCRYPTED, SensitiveData=1. Violated: INV-2: sensitive data is unencrypted. SMT: ∃(zone,enc,sens). ¬(INV-1 ∧ INV-2 ∧ INV-3) = SAT.",5,True,"FAIL: Cloud Perimeter Model — Z3 SAT counterexample for aws_opensearch_domain (at-rest). Model: NetworkZone=DMZ, EncryptionLevel=UNENCRYPTED, SensitiveData=1. Violated: INV-2: sensitive data is unencrypted. SMT: ∃(zone,enc,sens). ¬(INV-1 ∧ INV-2 ∧ INV-3) = SAT.","FAIL: Cloud Perimeter Model — Z3 SAT counterexample for aws_opensearch_domain (at-rest). Model: NetworkZone=DMZ, EncryptionLevel=UNENCRYPTED, SensitiveData=1. Violated: INV-2: sensitive data is unencrypted. SMT: ∃(zone,enc,sens). ¬(INV-1 ∧ INV-2 ∧ INV-3) = SAT. | FAIL: Cloud Perimeter Model — Z3 SAT counterexample for aws_opensearch_domain (at-rest). Model: NetworkZone=DMZ, EncryptionLevel=UNENCRYPTED, SensitiveData=1. Violated: INV-2: sensitive data is unencrypted. SMT: ∃(zone,enc,sens). ¬(INV-1 ∧ INV-2 ∧ INV-3) = SAT. | FAIL: Cloud Perimeter Model — Z3 SAT counterexample for aws_opensearch_domain (at-rest). Model: NetworkZone=DMZ, EncryptionLevel=UNENCRYPTED, SensitiveData=1. Violated: INV-2: sensitive data is unencrypted. SMT: ∃(zone,enc,sens). ¬(INV-1 ∧ INV-2 ∧ INV-3) = SAT. | FAIL: Cloud Perimeter Model — Z3 SAT counterexample for aws_opensearch_domain (at-rest). Model: NetworkZone=DMZ, EncryptionLevel=UNENCRYPTED, SensitiveData=1. Violated: INV-2: sensitive data is unencrypted. SMT: ∃(zone,enc,sens). ¬(INV-1 ∧ INV-2 ∧ INV-3) = SAT. | FAIL: Cloud Perimeter Model — Z3 SAT counterexample for aws_opensearch_domain (at-rest). Model: NetworkZone=DMZ, EncryptionLevel=UNENCRYPTED, SensitiveData=1. Violated: INV-2: sensitive data is unencrypted. SMT: ∃(zone,enc,sens). ¬(INV-1 ∧ INV-2 ∧ INV-3) = SAT."
23:48:16,OS_02_public_access_policy,OS,"FAIL: Cloud Perimeter Model — Z3 SAT counterexample for aws_opensearch_domain (public access policy). Model: NetworkZone=INTERNET, EncryptionLevel=UNENCRYPTED, SensitiveData=1. Violated: INV-1: sensitive data is internet-accessible; INV-2: sensitive data is unencrypted; INV-3: internet-facing resource is unencrypted. SMT: ∃(zone,enc,sens). ¬(INV-1 ∧ INV-2 ∧ INV-3) = SAT.",1,False,"PASS: FORMAL PROOF COMPLETE ✓ | OS_02_public_access_policy | Solver A (completeness): COMPLETE: Z3 UNSAT — patch satisfies Cloud Perimeter Model. ∀(zone,enc,sens). INV-1 ∧ INV-2 ∧ INV-3 holds for patched config. | Solver B (soundness): SOUND: Z3 UNSAT — it is IMPOSSIBLE for the patched config to simultaneously satisfy the patch constraints AND retain the original violation. Non-regression formally proven via CPM.","PASS: FORMAL PROOF COMPLETE ✓ | OS_02_public_access_policy | Solver A (completeness): COMPLETE: Z3 UNSAT — patch satisfies Cloud Perimeter Model. ∀(zone,enc,sens). INV-1 ∧ INV-2 ∧ INV-3 holds for patched config. | Solver B (soundness): SOUND: Z3 UNSAT — it is IMPOSSIBLE for the patched config to simultaneously satisfy the patch constraints AND retain the original violation. Non-regression formally proven via CPM."
23:48:20,QLDB_01_deletion_protection_disabled,QLDB,FAIL: QLDB ledger has deletion_protection disabled.,1,False,PASS: Formal Verification Successful.,PASS: Formal Verification Successful.
23:48:24,R53_01_missing_query_log,R53,FAIL: Route53 query logging is missing.,1,False,PASS: Formal Verification Successful.,PASS: Formal Verification Successful.
23:48:27,RAM_01_external_sharing_enabled,RAM,FAIL: RAM resource share allows external principals outside the AWS Organization.,1,False,PASS: Formal Verification Successful.,PASS: Formal Verification Successful.
23:48:30,RDS_01_storage_unencrypted,RDS,"FAIL: Cloud Perimeter Model — Z3 SAT counterexample for aws_db_instance. Model: NetworkZone=DMZ, EncryptionLevel=UNENCRYPTED, SensitiveData=1. Violated: INV-2: sensitive data is unencrypted. SMT: ∃(zone,enc,sens). ¬(INV-1 ∧ INV-2 ∧ INV-3) = SAT.",1,False,"PASS: FORMAL PROOF COMPLETE ✓ | RDS_01_storage_unencrypted | Solver A (completeness): COMPLETE: Z3 UNSAT — patch satisfies Cloud Perimeter Model. ∀(zone,enc,sens). INV-1 ∧ INV-2 ∧ INV-3 holds for patched config. | Solver B (soundness): SOUND: Z3 UNSAT — it is IMPOSSIBLE for the patched config to simultaneously satisfy the patch constraints AND retain the original violation. Non-regression formally proven via CPM.","PASS: FORMAL PROOF COMPLETE ✓ | RDS_01_storage_unencrypted | Solver A (completeness): COMPLETE: Z3 UNSAT — patch satisfies Cloud Perimeter Model. ∀(zone,enc,sens). INV-1 ∧ INV-2 ∧ INV-3 holds for patched config. | Solver B (soundness): SOUND: Z3 UNSAT — it is IMPOSSIBLE for the patched config to simultaneously satisfy the patch constraints AND retain the original violation. Non-regression formally proven via CPM."
23:48:38,RDS_02_publicly_accessible_instance,RDS,"FAIL: Cloud Perimeter Model — Z3 SAT counterexample for aws_db_instance (publicly accessible). Model: NetworkZone=INTERNET, EncryptionLevel=UNENCRYPTED, SensitiveData=1. Violated: INV-1: sensitive data is internet-accessible; INV-2: sensitive data is unencrypted; INV-3: internet-facing resource is unencrypted. SMT: ∃(zone,enc,sens). ¬(INV-1 ∧ INV-2 ∧ INV-3) = SAT.",5,True,"FAIL: Cloud Perimeter Model — Z3 SAT counterexample for aws_kms_key_policy. Model: NetworkZone=DMZ, EncryptionLevel=UNENCRYPTED, SensitiveData=1. Violated: INV-2: sensitive data is unencrypted. SMT: ∃(zone,enc,sens). ¬(INV-1 ∧ INV-2 ∧ INV-3) = SAT.","FAIL: Cloud Perimeter Model — Z3 SAT counterexample for aws_security_group. Model: NetworkZone=DMZ, EncryptionLevel=UNENCRYPTED, SensitiveData=1. Violated: INV-2: sensitive data is unencrypted. SMT: ∃(zone,enc,sens). ¬(INV-1 ∧ INV-2 ∧ INV-3) = SAT. | FAIL: aws_kms_key has key rotation disabled. Set enable_key_rotation = true. Also ensure Principal is not wildcard (*) in the key policy. | FAIL: Cloud Perimeter Model — Z3 SAT counterexample for aws_kms_key_policy. Model: NetworkZone=DMZ, EncryptionLevel=UNENCRYPTED, SensitiveData=1. Violated: INV-2: sensitive data is unencrypted. SMT: ∃(zone,enc,sens). ¬(INV-1 ∧ INV-2 ∧ INV-3) = SAT. | FAIL: aws_kms_key has key rotation disabled. Set enable_key_rotation = true. Also ensure Principal is not wildcard (*) in the key policy. | FAIL: Cloud Perimeter Model — Z3 SAT counterexample for aws_kms_key_policy. Model: NetworkZone=DMZ, EncryptionLevel=UNENCRYPTED, SensitiveData=1. Violated: INV-2: sensitive data is unencrypted. SMT: ∃(zone,enc,sens). ¬(INV-1 ∧ INV-2 ∧ INV-3) = SAT."
23:48:42,RDS_03_deletion_protection_disabled,RDS,FAIL: RDS deletion_protection is disabled.,1,False,PASS: Formal Verification Successful.,PASS: Formal Verification Successful.
23:48:47,RDS_04_auto_minor_version_upgrade_disabled,RDS,FAIL: RDS auto_minor_version_upgrade is disabled.,1,False,PASS: Formal Verification Successful.,PASS: Formal Verification Successful.
23:48:51,RDS_05_copy_tags_to_snapshots_disabled,RDS,FAIL: RDS copy_tags_to_snapshot is disabled.,1,False,PASS: Formal Verification Successful.,PASS: Formal Verification Successful.
23:49:00,RS_01_cluster_unencrypted,RS,"FAIL: Cloud Perimeter Model — Z3 SAT counterexample for aws_redshift_cluster. Model: NetworkZone=DMZ, EncryptionLevel=UNENCRYPTED, SensitiveData=1. Violated: INV-2: sensitive data is unencrypted. SMT: ∃(zone,enc,sens). ¬(INV-1 ∧ INV-2 ∧ INV-3) = SAT.",5,True,FAIL: aws_kms_key has key rotation disabled. Set enable_key_rotation = true. Also ensure Principal is not wildcard (*) in the key policy.,"FAIL: aws_kms_key has key rotation disabled. Set enable_key_rotation = true. Also ensure Principal is not wildcard (*) in the key policy. | FAIL: Cloud Perimeter Model — Z3 SAT counterexample for aws_kms_key_policy. Model: NetworkZone=DMZ, EncryptionLevel=UNENCRYPTED, SensitiveData=1. Violated: INV-2: sensitive data is unencrypted. SMT: ∃(zone,enc,sens). ¬(INV-1 ∧ INV-2 ∧ INV-3) = SAT. | FAIL: aws_kms_key has key rotation disabled. Set enable_key_rotation = true. Also ensure Principal is not wildcard (*) in the key policy. | FAIL: Cloud Perimeter Model — Z3 SAT counterexample for aws_kms_key_policy. Model: NetworkZone=DMZ, EncryptionLevel=UNENCRYPTED, SensitiveData=1. Violated: INV-2: sensitive data is unencrypted. SMT: ∃(zone,enc,sens). ¬(INV-1 ∧ INV-2 ∧ INV-3) = SAT. | FAIL: aws_kms_key has key rotation disabled. Set enable_key_rotation = true. Also ensure Principal is not wildcard (*) in the key policy."
23:49:24,RS_02_publicly_accessible,RS,"FAIL: Cloud Perimeter Model — Z3 SAT counterexample for aws_redshift_cluster. Model: NetworkZone=INTERNET, EncryptionLevel=UNENCRYPTED, SensitiveData=1. Violated: INV-1: sensitive data is internet-accessible; INV-2: sensitive data is unencrypted; INV-3: internet-facing resource is unencrypted. SMT: ∃(zone,enc,sens). ¬(INV-1 ∧ INV-2 ∧ INV-3) = SAT.",5,True,FAIL: aws_kms_key has key rotation disabled. Set enable_key_rotation = true. Also ensure Principal is not wildcard (*) in the key policy.,"FAIL: aws_kms_key has key rotation disabled. Set enable_key_rotation = true. Also ensure Principal is not wildcard (*) in the key policy. | FAIL: Cloud Perimeter Model — Z3 SAT counterexample for aws_kms_key_policy. Model: NetworkZone=DMZ, EncryptionLevel=UNENCRYPTED, SensitiveData=1. Violated: INV-2: sensitive data is unencrypted. SMT: ∃(zone,enc,sens). ¬(INV-1 ∧ INV-2 ∧ INV-3) = SAT. | FAIL: aws_kms_key has key rotation disabled. Set enable_key_rotation = true. Also ensure Principal is not wildcard (*) in the key policy. | FAIL: Cloud Perimeter Model — Z3 SAT counterexample for aws_kms_key_policy. Model: NetworkZone=DMZ, EncryptionLevel=UNENCRYPTED, SensitiveData=1. Violated: INV-2: sensitive data is unencrypted. SMT: ∃(zone,enc,sens). ¬(INV-1 ∧ INV-2 ∧ INV-3) = SAT. | FAIL: aws_kms_key has key rotation disabled. Set enable_key_rotation = true. Also ensure Principal is not wildcard (*) in the key policy."
23:49:28,S3_01_public_access_block_disabled,S3,FAIL: S3 Public Access Block disabled.,1,False,PASS: PATCH REJECTED (regression risk) | REGRESSION RISK: Z3 SAT — both broken and patched configs violate Cloud Perimeter invariants simultaneously. LLM patch is insufficient for S3_01_public_access_block_disabled.,PASS: PATCH REJECTED (regression risk) | REGRESSION RISK: Z3 SAT — both broken and patched configs violate Cloud Perimeter invariants simultaneously. LLM patch is insufficient for S3_01_public_access_block_disabled.
23:49:33,S3_02_server_side_encryption_disabled,S3,FAIL: S3 server access logging is missing.,1,False,PASS: Formal Verification Successful.,PASS: Formal Verification Successful.
23:49:38,S3_03_versioning_disabled,S3,FAIL: S3 bucket versioning is disabled.,1,False,PASS: Formal Verification Successful.,PASS: Formal Verification Successful.
23:49:42,S3_04_mfa_delete_disabled,S3,FAIL: S3 MFA Delete is disabled.,1,False,PASS: Formal Verification Successful.,PASS: Formal Verification Successful.
23:49:49,S3_05_access_logging_disabled,S3,FAIL: S3 server access logging is missing.,5,True,FAIL: S3 server access logging is missing.,FAIL: S3 server access logging is missing. | FAIL: S3 server access logging is missing. | FAIL: S3 server access logging is missing. | FAIL: S3 server access logging is missing. | FAIL: S3 server access logging is missing.
23:49:53,S3_06_object_lock_disabled,S3,FAIL: S3 Object Lock is disabled.,1,False,PASS: Formal Verification Successful.,PASS: Formal Verification Successful.
23:49:57,S3_07_inventory_unencrypted,S3,FAIL: S3 Inventory destination is unencrypted.,1,False,"PASS: FORMAL PROOF COMPLETE ✓ | S3_07_inventory_unencrypted | Solver A (completeness): COMPLETE: Z3 UNSAT — patch satisfies Cloud Perimeter Model. ∀(zone,enc,sens). INV-1 ∧ INV-2 ∧ INV-3 holds for patched config. | Solver B (soundness): SOUND: Z3 UNSAT — it is IMPOSSIBLE for the patched config to simultaneously satisfy the patch constraints AND retain the original violation. Non-regression formally proven via CPM.","PASS: FORMAL PROOF COMPLETE ✓ | S3_07_inventory_unencrypted | Solver A (completeness): COMPLETE: Z3 UNSAT — patch satisfies Cloud Perimeter Model. ∀(zone,enc,sens). INV-1 ∧ INV-2 ∧ INV-3 holds for patched config. | Solver B (soundness): SOUND: Z3 UNSAT — it is IMPOSSIBLE for the patched config to simultaneously satisfy the patch constraints AND retain the original violation. Non-regression formally proven via CPM."
23:50:02,SAGEMAKER_01_notebook_internet_access,SAGEMAKER,"FAIL: Cloud Perimeter Model — Z3 SAT counterexample for SageMaker notebook. Model: NetworkZone=INTERNET, EncryptionLevel=UNENCRYPTED, SensitiveData=1. Violated: INV-1: sensitive data is internet-accessible; INV-2: sensitive data is unencrypted; INV-3: internet-facing resource is unencrypted. SMT: ∃(zone,enc,sens). ¬(INV-1 ∧ INV-2 ∧ INV-3) = SAT.",2,False,"PASS: FORMAL PROOF COMPLETE ✓ | SAGEMAKER_01_notebook_internet_access | Solver A (completeness): COMPLETE: Z3 UNSAT — patch satisfies Cloud Perimeter Model. ∀(zone,enc,sens). INV-1 ∧ INV-2 ∧ INV-3 holds for patched config. | Solver B (soundness): SOUND: Z3 UNSAT — it is IMPOSSIBLE for the patched config to simultaneously satisfy the patch constraints AND retain the original violation. Non-regression formally proven via CPM.","FAIL: aws_kms_key has key rotation disabled. Set enable_key_rotation = true. Also ensure Principal is not wildcard (*) in the key policy. | PASS: FORMAL PROOF COMPLETE ✓ | SAGEMAKER_01_notebook_internet_access | Solver A (completeness): COMPLETE: Z3 UNSAT — patch satisfies Cloud Perimeter Model. ∀(zone,enc,sens). INV-1 ∧ INV-2 ∧ INV-3 holds for patched config. | Solver B (soundness): SOUND: Z3 UNSAT — it is IMPOSSIBLE for the patched config to simultaneously satisfy the patch constraints AND retain the original violation. Non-regression formally proven via CPM."
23:50:04,SES_01_tls_optional,SES,FAIL: SES TLS policy is Optional.,1,False,"PASS: FORMAL PROOF COMPLETE ✓ | SES_01_tls_optional | Solver A (completeness): COMPLETE: Z3 UNSAT — patch satisfies Cloud Perimeter Model. ∀(zone,enc,sens). INV-1 ∧ INV-2 ∧ INV-3 holds for patched config. | Solver B (soundness): SOUND: Z3 UNSAT — it is IMPOSSIBLE for the patched config to simultaneously satisfy the patch constraints AND retain the original violation. Non-regression formally proven via CPM.","PASS: FORMAL PROOF COMPLETE ✓ | SES_01_tls_optional | Solver A (completeness): COMPLETE: Z3 UNSAT — patch satisfies Cloud Perimeter Model. ∀(zone,enc,sens). INV-1 ∧ INV-2 ∧ INV-3 holds for patched config. | Solver B (soundness): SOUND: Z3 UNSAT — it is IMPOSSIBLE for the patched config to simultaneously satisfy the patch constraints AND retain the original violation. Non-regression formally proven via CPM."
23:50:22,SF_01_logging_all_plaintext,SF,FAIL: Step Functions logs ALL with execution data.,1,False,PASS: Formal Verification Successful.,PASS: Formal Verification Successful.
23:50:28,SM_01_rotation_disabled,SM,FAIL: Secrets Manager rotation is missing.,2,False,PASS: Formal Verification Successful.,FAIL: Lambda is missing vpc_config. | PASS: Formal Verification Successful.
23:50:33,SM_02_wildcard_policy,SM,FAIL: Secrets Manager policy allows wildcard principal (*).,1,False,PASS: Formal Verification Successful.,PASS: Formal Verification Successful.
23:50:37,SNS_01_encryption_disabled,SNS,"FAIL: Cloud Perimeter Model — Z3 SAT counterexample for aws_sns_topic. Model: NetworkZone=DMZ, EncryptionLevel=UNENCRYPTED, SensitiveData=1. Violated: INV-2: sensitive data is unencrypted. SMT: ∃(zone,enc,sens). ¬(INV-1 ∧ INV-2 ∧ INV-3) = SAT.",1,False,"PASS: FORMAL PROOF COMPLETE ✓ | SNS_01_encryption_disabled | Solver A (completeness): COMPLETE: Z3 UNSAT — patch satisfies Cloud Perimeter Model. ∀(zone,enc,sens). INV-1 ∧ INV-2 ∧ INV-3 holds for patched config. | Solver B (soundness): SOUND: Z3 UNSAT — it is IMPOSSIBLE for the patched config to simultaneously satisfy the patch constraints AND retain the original violation. Non-regression formally proven via CPM.","PASS: FORMAL PROOF COMPLETE ✓ | SNS_01_encryption_disabled | Solver A (completeness): COMPLETE: Z3 UNSAT — patch satisfies Cloud Perimeter Model. ∀(zone,enc,sens). INV-1 ∧ INV-2 ∧ INV-3 holds for patched config. | Solver B (soundness): SOUND: Z3 UNSAT — it is IMPOSSIBLE for the patched config to simultaneously satisfy the patch constraints AND retain the original violation. Non-regression formally proven via CPM."
00:15:20,SQS_01_wildcard_policy,SQS,FAIL: SQS queue policy allows wildcard principal (*) — anyone can access this queue.,5,True,FAIL: No resources found (empty/invalid configuration).,FAIL: SQS queue policy does not enforce SSL (aws:SecureTransport condition missing). Add a Deny statement with Condition aws:SecureTransport=false. Ensure Principal is NOT wildcard (*) in any Allow statement. | FAIL: SQS queue policy allows wildcard principal (*) — anyone can access this queue. | FAIL: SQS queue policy does not enforce SSL (aws:SecureTransport condition missing). Add a Deny statement with Condition aws:SecureTransport=false. Ensure Principal is NOT wildcard (*) in any Allow statement. | FAIL: SQS queue policy allows wildcard principal (*) — anyone can access this queue. | FAIL: No resources found (empty/invalid configuration).
00:16:13,SQS_02_missing_redrive_policy,SQS,FAIL: SQS redrive_policy (DLQ) is missing.,5,True,FAIL: SQS redrive_policy (DLQ) is missing.,FAIL: No resources found (empty/invalid configuration). | FAIL: SQS redrive_policy (DLQ) is missing. | FAIL: SQS redrive_policy (DLQ) is missing. | FAIL: SQS redrive_policy (DLQ) is missing. | FAIL: SQS redrive_policy (DLQ) is missing.
00:18:21,SQS_03_missing_ssl_enforcement,SQS,FAIL: SQS queue policy allows wildcard principal (*) — anyone can access this queue.,5,True,FAIL: No resources found (empty/invalid configuration).,FAIL: No resources found (empty/invalid configuration). | FAIL: No resources found (empty/invalid configuration). | FAIL: No resources found (empty/invalid configuration). | FAIL: No resources found (empty/invalid configuration). | FAIL: No resources found (empty/invalid configuration).
00:20:23,SSM_01_public_document,SSM,FAIL: SSM document is shared publicly (account_ids contains 'all').,5,True,FAIL: No resources found (empty/invalid configuration).,FAIL: No resources found (empty/invalid configuration). | FAIL: No resources found (empty/invalid configuration). | FAIL: No resources found (empty/invalid configuration). | FAIL: SSM document is shared publicly (account_ids contains 'all'). | FAIL: No resources found (empty/invalid configuration).
00:22:31,TF_01_public_endpoint,TF,"FAIL: Cloud Perimeter Model — Z3 SAT counterexample for Transfer server. Model: NetworkZone=INTERNET, EncryptionLevel=UNENCRYPTED, SensitiveData=1. Violated: INV-1: sensitive data is internet-accessible; INV-2: sensitive data is unencrypted; INV-3: internet-facing resource is unencrypted. SMT: ∃(zone,enc,sens). ¬(INV-1 ∧ INV-2 ∧ INV-3) = SAT.",5,True,FAIL: No resources found (empty/invalid configuration).,FAIL: No resources found (empty/invalid configuration). | FAIL: No resources found (empty/invalid configuration). | FAIL: No resources found (empty/invalid configuration). | FAIL: No resources found (empty/invalid configuration). | FAIL: No resources found (empty/invalid configuration).
00:24:37,VPC_01_flow_logs_disabled,VPC,FAIL: VPC Flow Logs missing.,5,True,FAIL: No resources found (empty/invalid configuration).,FAIL: No resources found (empty/invalid configuration). | FAIL: No resources found (empty/invalid configuration). | FAIL: No resources found (empty/invalid configuration). | FAIL: No resources found (empty/invalid configuration). | FAIL: No resources found (empty/invalid configuration).
00:26:51,VPC_02_default_sg_open,VPC,FAIL: VPC Flow Logs missing.,5,True,FAIL: No resources found (empty/invalid configuration).,FAIL: No resources found (empty/invalid configuration). | FAIL: No resources found (empty/invalid configuration). | FAIL: No resources found (empty/invalid configuration). | FAIL: No resources found (empty/invalid configuration). | FAIL: No resources found (empty/invalid configuration).
00:28:49,WAF_01_missing_logging_config,WAF,FAIL: Multiple WAF violations — fix ALL of these simultaneously: WAF Logging is missing; WAF Default Action is ALLOW (Fail Open) — change to block; WAF Web ACL has no rate-based rule (DDoS protection missing).,5,True,FAIL: No resources found (empty/invalid configuration).,FAIL: No resources found (empty/invalid configuration). | FAIL: No resources found (empty/invalid configuration). | FAIL: No resources found (empty/invalid configuration). | FAIL: No resources found (empty/invalid configuration). | FAIL: No resources found (empty/invalid configuration).
00:30:57,WAF_02_default_action_allow,WAF,FAIL: Multiple WAF violations — fix ALL of these simultaneously: WAF Logging is missing; WAF Default Action is ALLOW (Fail Open) — change to block; WAF Web ACL has no rate-based rule (DDoS protection missing).,5,True,FAIL: No resources found (empty/invalid configuration).,FAIL: No resources found (empty/invalid configuration). | FAIL: No resources found (empty/invalid configuration). | FAIL: No resources found (empty/invalid configuration). | FAIL: No resources found (empty/invalid configuration). | FAIL: No resources found (empty/invalid configuration).
00:33:08,WAF_03_missing_rate_limit,WAF,FAIL: Multiple WAF violations — fix ALL of these simultaneously: WAF Logging is missing; WAF Default Action is ALLOW (Fail Open) — change to block; WAF Web ACL has no rate-based rule (DDoS protection missing).,5,True,FAIL: No resources found (empty/invalid configuration).,FAIL: No resources found (empty/invalid configuration). | FAIL: No resources found (empty/invalid configuration). | FAIL: No resources found (empty/invalid configuration). | FAIL: No resources found (empty/invalid configuration). | FAIL: No resources found (empty/invalid configuration).
00:35:24,WS_01_root_volume_unencrypted,WS,FAIL: WorkSpaces root volume encryption is disabled.,5,True,FAIL: No resources found (empty/invalid configuration).,FAIL: No resources found (empty/invalid configuration). | FAIL: No resources found (empty/invalid configuration). | FAIL: No resources found (empty/invalid configuration). | FAIL: No resources found (empty/invalid configuration). | FAIL: No resources found (empty/invalid configuration).
